cluster,readability,maintainability,modularity,count
0,63.13254527162978,60.783953722334005,54.329476861167,3976
1,83.41066333808844,82.95024964336662,72.90905848787446,5608
2,21.25,53.70192307692308,67.05048076923077,416
