cluster,readability,maintainability,modularity,count
0,83.07912009934363,83.05659038495654,72.98456625864821,5637
1,43.333333333333336,45.36964980544747,66.6147859922179,771
2,62.88836302895323,62.926503340757236,52.89727171492205,3592
