cluster,readability,maintainability,modularity,count
0,83.61749953557496,83.62493033624374,73.55266579973993,5383
1,31.50602409638554,36.644578313253014,66.78112449799197,498
2,63.563729060451564,63.31633891721292,54.28259286234523,4119
